time (s),Parameter,dV(out),dV(vdd)
0.000000e+00,V1,1.000000e+00,1.000000e+00
0.000000e+00,V2,0.000000e+00,0.000000e+00
0.000000e+00,R1,-0.000000e+00,0.000000e+00
0.000000e+00,M1_W,0.000000e+00,0.000000e+00
0.000000e+00,M1_L,-0.000000e+00,-0.000000e+00
0.000000e+00,M1_VTO,0.000000e+00,0.000000e+00
0.000000e+00,M1_KP,0.000000e+00,0.000000e+00
0.000000e+00,M1_MU,0.000000e+00,0.000000e+00
0.000000e+00,M1_COX,0.000000e+00,0.000000e+00
0.000000e+00,C1,-0.000000e+00,-0.000000e+00
1.000000e-10,V1,4.761905e-02,1.000000e+00
1.000000e-10,V2,0.000000e+00,0.000000e+00
1.000000e-10,R1,4.229421e-21,-0.000000e+00
1.000000e-10,M1_W,0.000000e+00,0.000000e+00
1.000000e-10,M1_L,-0.000000e+00,-0.000000e+00
1.000000e-10,M1_VTO,0.000000e+00,0.000000e+00
1.000000e-10,M1_KP,0.000000e+00,0.000000e+00
1.000000e-10,M1_MU,0.000000e+00,0.000000e+00
1.000000e-10,M1_COX,0.000000e+00,0.000000e+00
1.000000e-10,C1,-8.458842e-03,-0.000000e+00
2.000000e-10,V1,4.761905e-02,1.000000e+00
2.000000e-10,V2,0.000000e+00,0.000000e+00
2.000000e-10,R1,8.458842e-21,-0.000000e+00
2.000000e-10,M1_W,0.000000e+00,0.000000e+00
2.000000e-10,M1_L,-0.000000e+00,-0.000000e+00
2.000000e-10,M1_VTO,0.000000e+00,0.000000e+00
2.000000e-10,M1_KP,0.000000e+00,0.000000e+00
2.000000e-10,M1_MU,0.000000e+00,0.000000e+00
2.000000e-10,M1_COX,0.000000e+00,0.000000e+00
2.000000e-10,C1,-8.458842e-03,-0.000000e+00
3.000000e-10,V1,4.761905e-02,1.000000e+00
3.000000e-10,V2,0.000000e+00,0.000000e+00
3.000000e-10,R1,8.458842e-21,-0.000000e+00
3.000000e-10,M1_W,0.000000e+00,0.000000e+00
3.000000e-10,M1_L,-0.000000e+00,-0.000000e+00
3.000000e-10,M1_VTO,0.000000e+00,0.000000e+00
3.000000e-10,M1_KP,0.000000e+00,0.000000e+00
3.000000e-10,M1_MU,0.000000e+00,0.000000e+00
3.000000e-10,M1_COX,0.000000e+00,0.000000e+00
3.000000e-10,C1,-0.000000e+00,-0.000000e+00
4.000000e-10,V1,4.761905e-02,1.000000e+00
4.000000e-10,V2,0.000000e+00,0.000000e+00
4.000000e-10,R1,8.458842e-21,-0.000000e+00
4.000000e-10,M1_W,0.000000e+00,0.000000e+00
4.000000e-10,M1_L,-0.000000e+00,-0.000000e+00
4.000000e-10,M1_VTO,0.000000e+00,0.000000e+00
4.000000e-10,M1_KP,0.000000e+00,0.000000e+00
4.000000e-10,M1_MU,0.000000e+00,0.000000e+00
4.000000e-10,M1_COX,0.000000e+00,0.000000e+00
4.000000e-10,C1,-0.000000e+00,-0.000000e+00
5.000000e-10,V1,4.761905e-02,1.000000e+00
5.000000e-10,V2,0.000000e+00,0.000000e+00
5.000000e-10,R1,8.458842e-21,-0.000000e+00
5.000000e-10,M1_W,0.000000e+00,0.000000e+00
5.000000e-10,M1_L,-0.000000e+00,-0.000000e+00
5.000000e-10,M1_VTO,0.000000e+00,0.000000e+00
5.000000e-10,M1_KP,0.000000e+00,0.000000e+00
5.000000e-10,M1_MU,0.000000e+00,0.000000e+00
5.000000e-10,M1_COX,0.000000e+00,0.000000e+00
5.000000e-10,C1,-0.000000e+00,-0.000000e+00
6.000000e-10,V1,4.761905e-02,1.000000e+00
6.000000e-10,V2,0.000000e+00,0.000000e+00
6.000000e-10,R1,8.458842e-21,-0.000000e+00
6.000000e-10,M1_W,0.000000e+00,0.000000e+00
6.000000e-10,M1_L,-0.000000e+00,-0.000000e+00
6.000000e-10,M1_VTO,0.000000e+00,0.000000e+00
6.000000e-10,M1_KP,0.000000e+00,0.000000e+00
6.000000e-10,M1_MU,0.000000e+00,0.000000e+00
6.000000e-10,M1_COX,0.000000e+00,0.000000e+00
6.000000e-10,C1,-0.000000e+00,-0.000000e+00
7.000000e-10,V1,4.761905e-02,1.000000e+00
7.000000e-10,V2,0.000000e+00,0.000000e+00
7.000000e-10,R1,8.458842e-21,-0.000000e+00
7.000000e-10,M1_W,0.000000e+00,0.000000e+00
7.000000e-10,M1_L,-0.000000e+00,-0.000000e+00
7.000000e-10,M1_VTO,0.000000e+00,0.000000e+00
7.000000e-10,M1_KP,0.000000e+00,0.000000e+00
7.000000e-10,M1_MU,0.000000e+00,0.000000e+00
7.000000e-10,M1_COX,0.000000e+00,0.000000e+00
7.000000e-10,C1,-0.000000e+00,-0.000000e+00
8.000000e-10,V1,4.761905e-02,1.000000e+00
8.000000e-10,V2,0.000000e+00,0.000000e+00
8.000000e-10,R1,8.458842e-21,-0.000000e+00
8.000000e-10,M1_W,0.000000e+00,0.000000e+00
8.000000e-10,M1_L,-0.000000e+00,-0.000000e+00
8.000000e-10,M1_VTO,0.000000e+00,0.000000e+00
8.000000e-10,M1_KP,0.000000e+00,0.000000e+00
8.000000e-10,M1_MU,0.000000e+00,0.000000e+00
8.000000e-10,M1_COX,0.000000e+00,0.000000e+00
8.000000e-10,C1,-0.000000e+00,-0.000000e+00
9.000000e-10,V1,4.761905e-02,1.000000e+00
9.000000e-10,V2,0.000000e+00,0.000000e+00
9.000000e-10,R1,8.458842e-21,-0.000000e+00
9.000000e-10,M1_W,0.000000e+00,0.000000e+00
9.000000e-10,M1_L,-0.000000e+00,-0.000000e+00
9.000000e-10,M1_VTO,0.000000e+00,0.000000e+00
9.000000e-10,M1_KP,0.000000e+00,0.000000e+00
9.000000e-10,M1_MU,0.000000e+00,0.000000e+00
9.000000e-10,M1_COX,0.000000e+00,0.000000e+00
9.000000e-10,C1,-0.000000e+00,-0.000000e+00
1.000000e-09,V1,4.761905e-02,1.000000e+00
1.000000e-09,V2,0.000000e+00,0.000000e+00
1.000000e-09,R1,8.458842e-21,-0.000000e+00
1.000000e-09,M1_W,0.000000e+00,0.000000e+00
1.000000e-09,M1_L,-0.000000e+00,-0.000000e+00
1.000000e-09,M1_VTO,0.000000e+00,0.000000e+00
1.000000e-09,M1_KP,0.000000e+00,0.000000e+00
1.000000e-09,M1_MU,0.000000e+00,0.000000e+00
1.000000e-09,M1_COX,0.000000e+00,0.000000e+00
1.000000e-09,C1,-0.000000e+00,-0.000000e+00
1.100000e-09,V1,4.682108e-02,1.000000e+00
1.100000e-09,V2,-3.859039e-01,0.000000e+00
1.100000e-09,R1,-4.115344e-06,0.000000e+00
1.100000e-09,M1_W,4.321112e+05,0.000000e+00
1.100000e-09,M1_L,-8.642223e+05,-0.000000e+00
1.100000e-09,M1_VTO,-3.859039e-01,-0.000000e+00
1.100000e-09,M1_KP,8.642223e+03,0.000000e+00
1.100000e-09,M1_MU,0.000000e+00,0.000000e+00
1.100000e-09,M1_COX,0.000000e+00,0.000000e+00
1.100000e-09,C1,8.230689e+12,0.000000e+00
1.200000e-09,V1,4.093440e-02,1.000000e+00
1.200000e-09,V2,-2.116582e-01,0.000000e+00
1.200000e-09,R1,-9.884288e-06,0.000000e+00
1.200000e-09,M1_W,3.182634e+05,0.000000e+00
1.200000e-09,M1_L,-6.365268e+05,-0.000000e+00
1.200000e-09,M1_VTO,-2.116582e-01,-0.000000e+00
1.200000e-09,M1_KP,6.365268e+03,0.000000e+00
1.200000e-09,M1_MU,0.000000e+00,0.000000e+00
1.200000e-09,M1_COX,0.000000e+00,0.000000e+00
1.200000e-09,C1,1.257271e+13,0.000000e+00
1.300000e-09,V1,3.774595e-02,1.000000e+00
1.300000e-09,V2,-1.172801e-01,0.000000e+00
1.300000e-09,R1,-1.300897e-05,0.000000e+00
1.300000e-09,M1_W,2.066022e+05,0.000000e+00
1.300000e-09,M1_L,-4.132044e+05,-0.000000e+00
1.300000e-09,M1_VTO,-1.172801e-01,-0.000000e+00
1.300000e-09,M1_KP,4.132044e+03,0.000000e+00
1.300000e-09,M1_MU,0.000000e+00,0.000000e+00
1.300000e-09,M1_COX,0.000000e+00,0.000000e+00
1.300000e-09,C1,7.789174e+12,0.000000e+00
1.400000e-09,V1,3.622907e-02,1.000000e+00
1.400000e-09,V2,-7.238034e-02,0.000000e+00
1.400000e-09,R1,-1.449552e-05,0.000000e+00
1.400000e-09,M1_W,1.375421e+05,0.000000e+00
1.400000e-09,M1_L,-2.750842e+05,-0.000000e+00
1.400000e-09,M1_VTO,-7.238035e-02,-0.000000e+00
1.400000e-09,M1_KP,2.750842e+03,0.000000e+00
1.400000e-09,M1_MU,0.000000e+00,0.000000e+00
1.400000e-09,M1_COX,0.000000e+00,0.000000e+00
1.400000e-09,C1,4.018663e+12,0.000000e+00
1.500000e-09,V1,3.556460e-02,1.000000e+00
1.500000e-09,V2,-5.271222e-02,0.000000e+00
1.500000e-09,R1,-1.514669e-05,0.000000e+00
1.500000e-09,M1_W,1.035653e+05,0.000000e+00
1.500000e-09,M1_L,-2.071307e+05,-0.000000e+00
1.500000e-09,M1_VTO,-5.271223e-02,-0.000000e+00
1.500000e-09,M1_KP,2.071307e+03,0.000000e+00
1.500000e-09,M1_MU,0.000000e+00,0.000000e+00
1.500000e-09,M1_COX,0.000000e+00,0.000000e+00
1.500000e-09,C1,1.834062e+12,0.000000e+00
1.600000e-09,V1,3.528628e-02,1.000000e+00
1.600000e-09,V2,-4.447391e-02,0.000000e+00
1.600000e-09,R1,-1.541944e-05,0.000000e+00
1.600000e-09,M1_W,8.861218e+04,0.000000e+00
1.600000e-09,M1_L,-1.772244e+05,-0.000000e+00
1.600000e-09,M1_VTO,-4.447391e-02,-0.000000e+00
1.600000e-09,M1_KP,1.772244e+03,0.000000e+00
1.600000e-09,M1_MU,0.000000e+00,0.000000e+00
1.600000e-09,M1_COX,0.000000e+00,0.000000e+00
1.600000e-09,C1,7.825810e+11,0.000000e+00
1.700000e-09,V1,3.517214e-02,1.000000e+00
1.700000e-09,V2,-4.109525e-02,0.000000e+00
1.700000e-09,R1,-1.553131e-05,0.000000e+00
1.700000e-09,M1_W,8.235280e+04,0.000000e+00
1.700000e-09,M1_L,-1.647056e+05,-0.000000e+00
1.700000e-09,M1_VTO,-4.109525e-02,-0.000000e+00
1.700000e-09,M1_KP,1.647056e+03,0.000000e+00
1.700000e-09,M1_MU,0.000000e+00,0.000000e+00
1.700000e-09,M1_COX,0.000000e+00,0.000000e+00
1.700000e-09,C1,3.234797e+11,0.000000e+00
1.800000e-09,V1,3.512575e-02,1.000000e+00
1.800000e-09,V2,-3.972224e-02,0.000000e+00
1.800000e-09,R1,-1.557676e-05,0.000000e+00
1.800000e-09,M1_W,7.978779e+04,0.000000e+00
1.800000e-09,M1_L,-1.595756e+05,-0.000000e+00
1.800000e-09,M1_VTO,-3.972224e-02,-0.000000e+00
1.800000e-09,M1_KP,1.595756e+03,0.000000e+00
1.800000e-09,M1_MU,0.000000e+00,0.000000e+00
1.800000e-09,M1_COX,0.000000e+00,0.000000e+00
1.800000e-09,C1,1.318810e+11,0.000000e+00
1.900000e-09,V1,3.510697e-02,1.000000e+00
1.900000e-09,V2,-3.916641e-02,0.000000e+00
1.900000e-09,R1,-1.559517e-05,0.000000e+00
1.900000e-09,M1_W,7.874587e+04,0.000000e+00
1.900000e-09,M1_L,-1.574917e+05,-0.000000e+00
1.900000e-09,M1_VTO,-3.916641e-02,-0.000000e+00
1.900000e-09,M1_KP,1.574917e+03,0.000000e+00
1.900000e-09,M1_MU,0.000000e+00,0.000000e+00
1.900000e-09,M1_COX,0.000000e+00,0.000000e+00
1.900000e-09,C1,5.345985e+10,0.000000e+00
2.000000e-09,V1,3.509938e-02,1.000000e+00
2.000000e-09,V2,-3.894171e-02,0.000000e+00
2.000000e-09,R1,-1.560260e-05,0.000000e+00
2.000000e-09,M1_W,7.832415e+04,0.000000e+00
2.000000e-09,M1_L,-1.566483e+05,-0.000000e+00
2.000000e-09,M1_VTO,-3.894174e-02,-0.000000e+00
2.000000e-09,M1_KP,1.566483e+03,0.000000e+00
2.000000e-09,M1_MU,0.000000e+00,0.000000e+00
2.000000e-09,M1_COX,0.000000e+00,0.000000e+00
2.000000e-09,C1,2.161997e+10,0.000000e+00
2.100000e-09,V1,3.509632e-02,1.000000e+00
2.100000e-09,V2,-3.885098e-02,0.000000e+00
2.100000e-09,R1,-1.560561e-05,0.000000e+00
2.100000e-09,M1_W,7.815370e+04,0.000000e+00
2.100000e-09,M1_L,-1.563074e+05,-0.000000e+00
2.100000e-09,M1_VTO,-3.885099e-02,-0.000000e+00
2.100000e-09,M1_KP,1.563074e+03,0.000000e+00
2.100000e-09,M1_MU,0.000000e+00,0.000000e+00
2.100000e-09,M1_COX,0.000000e+00,0.000000e+00
2.100000e-09,C1,8.735125e+09,0.000000e+00
2.200000e-09,V1,3.509508e-02,1.000000e+00
2.200000e-09,V2,-3.881434e-02,0.000000e+00
2.200000e-09,R1,-1.560682e-05,0.000000e+00
2.200000e-09,M1_W,7.808486e+04,0.000000e+00
2.200000e-09,M1_L,-1.561697e+05,-0.000000e+00
2.200000e-09,M1_VTO,-3.881434e-02,-0.000000e+00
2.200000e-09,M1_KP,1.561697e+03,0.000000e+00
2.200000e-09,M1_MU,0.000000e+00,0.000000e+00
2.200000e-09,M1_COX,0.000000e+00,0.000000e+00
2.200000e-09,C1,3.527899e+09,0.000000e+00
2.300000e-09,V1,3.509458e-02,1.000000e+00
2.300000e-09,V2,-3.879954e-02,0.000000e+00
2.300000e-09,R1,-1.560731e-05,0.000000e+00
2.300000e-09,M1_W,7.805705e+04,0.000000e+00
2.300000e-09,M1_L,-1.561141e+05,-0.000000e+00
2.300000e-09,M1_VTO,-3.879954e-02,-0.000000e+00
2.300000e-09,M1_KP,1.561141e+03,0.000000e+00
2.300000e-09,M1_MU,0.000000e+00,0.000000e+00
2.300000e-09,M1_COX,0.000000e+00,0.000000e+00
2.300000e-09,C1,1.424608e+09,0.000000e+00
2.400000e-09,V1,3.509438e-02,1.000000e+00
2.400000e-09,V2,-3.879356e-02,0.000000e+00
2.400000e-09,R1,-1.560751e-05,0.000000e+00
2.400000e-09,M1_W,7.804583e+04,0.000000e+00
2.400000e-09,M1_L,-1.560917e+05,-0.000000e+00
2.400000e-09,M1_VTO,-3.879356e-02,-0.000000e+00
2.400000e-09,M1_KP,1.560917e+03,0.000000e+00
2.400000e-09,M1_MU,0.000000e+00,0.000000e+00
2.400000e-09,M1_COX,0.000000e+00,0.000000e+00
2.400000e-09,C1,5.752381e+08,0.000000e+00
2.500000e-09,V1,3.509430e-02,1.000000e+00
2.500000e-09,V2,-3.879115e-02,0.000000e+00
2.500000e-09,R1,-1.560759e-05,0.000000e+00
2.500000e-09,M1_W,7.804129e+04,0.000000e+00
2.500000e-09,M1_L,-1.560826e+05,-0.000000e+00
2.500000e-09,M1_VTO,-3.879115e-02,-0.000000e+00
2.500000e-09,M1_KP,1.560826e+03,0.000000e+00
2.500000e-09,M1_MU,0.000000e+00,0.000000e+00
2.500000e-09,M1_COX,0.000000e+00,0.000000e+00
2.500000e-09,C1,2.322676e+08,0.000000e+00
2.600000e-09,V1,3.509426e-02,1.000000e+00
2.600000e-09,V2,-3.879018e-02,0.000000e+00
2.600000e-09,R1,-1.560762e-05,0.000000e+00
2.600000e-09,M1_W,7.803946e+04,0.000000e+00
2.600000e-09,M1_L,-1.560789e+05,-0.000000e+00
2.600000e-09,M1_VTO,-3.879018e-02,-0.000000e+00
2.600000e-09,M1_KP,1.560789e+03,0.000000e+00
2.600000e-09,M1_MU,0.000000e+00,0.000000e+00
2.600000e-09,M1_COX,0.000000e+00,0.000000e+00
2.600000e-09,C1,9.378327e+07,0.000000e+00
2.700000e-09,V1,3.509425e-02,1.000000e+00
2.700000e-09,V2,-3.878978e-02,0.000000e+00
2.700000e-09,R1,-1.560764e-05,0.000000e+00
2.700000e-09,M1_W,7.803872e+04,0.000000e+00
2.700000e-09,M1_L,-1.560774e+05,-0.000000e+00
2.700000e-09,M1_VTO,-3.878978e-02,-0.000000e+00
2.700000e-09,M1_KP,1.560774e+03,0.000000e+00
2.700000e-09,M1_MU,0.000000e+00,0.000000e+00
2.700000e-09,M1_COX,0.000000e+00,0.000000e+00
2.700000e-09,C1,3.786694e+07,0.000000e+00
2.800000e-09,V1,3.509424e-02,1.000000e+00
2.800000e-09,V2,-3.878962e-02,0.000000e+00
2.800000e-09,R1,-1.560764e-05,0.000000e+00
2.800000e-09,M1_W,7.803842e+04,0.000000e+00
2.800000e-09,M1_L,-1.560768e+05,-0.000000e+00
2.800000e-09,M1_VTO,-3.878962e-02,-0.000000e+00
2.800000e-09,M1_KP,1.560768e+03,0.000000e+00
2.800000e-09,M1_MU,0.000000e+00,0.000000e+00
2.800000e-09,M1_COX,0.000000e+00,0.000000e+00
2.800000e-09,C1,1.528954e+07,0.000000e+00
2.900000e-09,V1,3.509424e-02,1.000000e+00
2.900000e-09,V2,-3.878962e-02,0.000000e+00
2.900000e-09,R1,-1.560764e-05,0.000000e+00
2.900000e-09,M1_W,7.803831e+04,0.000000e+00
2.900000e-09,M1_L,-1.560766e+05,-0.000000e+00
2.900000e-09,M1_VTO,-3.878956e-02,-0.000000e+00
2.900000e-09,M1_KP,1.560766e+03,0.000000e+00
2.900000e-09,M1_MU,0.000000e+00,0.000000e+00
2.900000e-09,M1_COX,0.000000e+00,0.000000e+00
2.900000e-09,C1,6.173454e+06,0.000000e+00
3.000000e-09,V1,3.509424e-02,1.000000e+00
3.000000e-09,V2,-3.878956e-02,0.000000e+00
3.000000e-09,R1,-1.560764e-05,0.000000e+00
3.000000e-09,M1_W,7.803826e+04,0.000000e+00
3.000000e-09,M1_L,-1.560765e+05,-0.000000e+00
3.000000e-09,M1_VTO,-3.878953e-02,-0.000000e+00
3.000000e-09,M1_KP,1.560765e+03,0.000000e+00
3.000000e-09,M1_MU,0.000000e+00,0.000000e+00
3.000000e-09,M1_COX,0.000000e+00,0.000000e+00
3.000000e-09,C1,2.492653e+06,0.000000e+00
3.100000e-09,V1,3.509424e-02,1.000000e+00
3.100000e-09,V2,-3.878953e-02,0.000000e+00
3.100000e-09,R1,-1.560764e-05,0.000000e+00
3.100000e-09,M1_W,7.803824e+04,0.000000e+00
3.100000e-09,M1_L,-1.560765e+05,-0.000000e+00
3.100000e-09,M1_VTO,-3.878952e-02,-0.000000e+00
3.100000e-09,M1_KP,1.560765e+03,0.000000e+00
3.100000e-09,M1_MU,0.000000e+00,0.000000e+00
3.100000e-09,M1_COX,0.000000e+00,0.000000e+00
3.100000e-09,C1,1.006458e+06,0.000000e+00
3.200000e-09,V1,3.509424e-02,1.000000e+00
3.200000e-09,V2,-3.878952e-02,0.000000e+00
3.200000e-09,R1,-1.560764e-05,0.000000e+00
3.200000e-09,M1_W,7.803823e+04,0.000000e+00
3.200000e-09,M1_L,-1.560765e+05,-0.000000e+00
3.200000e-09,M1_VTO,-3.878952e-02,-0.000000e+00
3.200000e-09,M1_KP,1.560765e+03,0.000000e+00
3.200000e-09,M1_MU,0.000000e+00,0.000000e+00
3.200000e-09,M1_COX,0.000000e+00,0.000000e+00
3.200000e-09,C1,4.063770e+05,0.000000e+00
3.300000e-09,V1,3.509424e-02,1.000000e+00
3.300000e-09,V2,-3.878952e-02,0.000000e+00
3.300000e-09,R1,-1.560764e-05,0.000000e+00
3.300000e-09,M1_W,7.803822e+04,0.000000e+00
3.300000e-09,M1_L,-1.560764e+05,-0.000000e+00
3.300000e-09,M1_VTO,-3.878952e-02,-0.000000e+00
3.300000e-09,M1_KP,1.560764e+03,0.000000e+00
3.300000e-09,M1_MU,0.000000e+00,0.000000e+00
3.300000e-09,M1_COX,0.000000e+00,0.000000e+00
3.300000e-09,C1,1.640827e+05,0.000000e+00
3.400000e-09,V1,3.509424e-02,1.000000e+00
3.400000e-09,V2,-3.878952e-02,0.000000e+00
3.400000e-09,R1,-1.560764e-05,0.000000e+00
3.400000e-09,M1_W,7.803822e+04,0.000000e+00
3.400000e-09,M1_L,-1.560764e+05,-0.000000e+00
3.400000e-09,M1_VTO,-3.878952e-02,-0.000000e+00
3.400000e-09,M1_KP,1.560764e+03,0.000000e+00
3.400000e-09,M1_MU,0.000000e+00,0.000000e+00
3.400000e-09,M1_COX,0.000000e+00,0.000000e+00
3.400000e-09,C1,6.625160e+04,0.000000e+00
3.500000e-09,V1,3.509424e-02,1.000000e+00
3.500000e-09,V2,-3.878952e-02,0.000000e+00
3.500000e-09,R1,-1.560764e-05,0.000000e+00
3.500000e-09,M1_W,7.803822e+04,0.000000e+00
3.500000e-09,M1_L,-1.560764e+05,-0.000000e+00
3.500000e-09,M1_VTO,-3.878952e-02,-0.000000e+00
3.500000e-09,M1_KP,1.560764e+03,0.000000e+00
3.500000e-09,M1_MU,0.000000e+00,0.000000e+00
3.500000e-09,M1_COX,0.000000e+00,0.000000e+00
3.500000e-09,C1,2.675038e+04,0.000000e+00
3.600000e-09,V1,3.509424e-02,1.000000e+00
3.600000e-09,V2,-3.878952e-02,0.000000e+00
3.600000e-09,R1,-1.560764e-05,0.000000e+00
3.600000e-09,M1_W,7.803822e+04,0.000000e+00
3.600000e-09,M1_L,-1.560764e+05,-0.000000e+00
3.600000e-09,M1_VTO,-3.878952e-02,-0.000000e+00
3.600000e-09,M1_KP,1.560764e+03,0.000000e+00
3.600000e-09,M1_MU,0.000000e+00,0.000000e+00
3.600000e-09,M1_COX,0.000000e+00,0.000000e+00
3.600000e-09,C1,1.080099e+04,0.000000e+00
3.700000e-09,V1,3.509424e-02,1.000000e+00
3.700000e-09,V2,-3.878952e-02,0.000000e+00
3.700000e-09,R1,-1.560764e-05,0.000000e+00
3.700000e-09,M1_W,7.803822e+04,0.000000e+00
3.700000e-09,M1_L,-1.560764e+05,-0.000000e+00
3.700000e-09,M1_VTO,-3.878952e-02,-0.000000e+00
3.700000e-09,M1_KP,1.560764e+03,0.000000e+00
3.700000e-09,M1_MU,0.000000e+00,0.000000e+00
3.700000e-09,M1_COX,0.000000e+00,0.000000e+00
3.700000e-09,C1,4.361114e+03,0.000000e+00
3.800000e-09,V1,3.509424e-02,1.000000e+00
3.800000e-09,V2,-3.878952e-02,0.000000e+00
3.800000e-09,R1,-1.560764e-05,0.000000e+00
3.800000e-09,M1_W,7.803822e+04,0.000000e+00
3.800000e-09,M1_L,-1.560764e+05,-0.000000e+00
3.800000e-09,M1_VTO,-3.878952e-02,-0.000000e+00
3.800000e-09,M1_KP,1.560764e+03,0.000000e+00
3.800000e-09,M1_MU,0.000000e+00,0.000000e+00
3.800000e-09,M1_COX,0.000000e+00,0.000000e+00
3.800000e-09,C1,1.760884e+03,0.000000e+00
3.900000e-09,V1,3.509424e-02,1.000000e+00
3.900000e-09,V2,-3.878952e-02,0.000000e+00
3.900000e-09,R1,-1.560764e-05,0.000000e+00
3.900000e-09,M1_W,7.803822e+04,0.000000e+00
3.900000e-09,M1_L,-1.560764e+05,-0.000000e+00
3.900000e-09,M1_VTO,-3.878952e-02,-0.000000e+00
3.900000e-09,M1_KP,1.560764e+03,0.000000e+00
3.900000e-09,M1_MU,0.000000e+00,0.000000e+00
3.900000e-09,M1_COX,0.000000e+00,0.000000e+00
3.900000e-09,C1,7.109904e+02,0.000000e+00
4.000000e-09,V1,3.509424e-02,1.000000e+00
4.000000e-09,V2,-3.878952e-02,0.000000e+00
4.000000e-09,R1,-1.560764e-05,0.000000e+00
4.000000e-09,M1_W,7.803822e+04,0.000000e+00
4.000000e-09,M1_L,-1.560764e+05,-0.000000e+00
4.000000e-09,M1_VTO,-3.878952e-02,-0.000000e+00
4.000000e-09,M1_KP,1.560764e+03,0.000000e+00
4.000000e-09,M1_MU,0.000000e+00,0.000000e+00
4.000000e-09,M1_COX,0.000000e+00,0.000000e+00
4.000000e-09,C1,2.870768e+02,0.000000e+00
